﻿<?xml version="1.0" encoding="utf-8" ?>
<sqlMap namespace="EF4._14" xmlns:xsi="http://www.w3.org/2001/XMLSchema-instance" xmlns="http://ibatis.apache.org/mapping">
  <alias>
    <typeAlias alias="BizTalk"  type="Daemon.Models.BizTalkModel" />
  </alias>
  <statements>

    <!-- ***********************************************************[비즈톡 관련]********************************************************************************* -->


    <select id="BizSendCount" parameterClass="BizTalk" resultClass="int"> 
      select count(*) as SendCount from $LogTable$
      where convert(varchar(10),reg_date,120) =  convert(varchar(10),getdate(),120)
      and mt_report_code_ib = '3025'
      and mt_pr not in (select etc_num_1 from  $LogTable$ where etc_num_1 is not null  )
      and mt_pr not in (select etc_num_2 from  $LogTable$ where etc_num_2 is not null  )
      and mt_pr not in (select etc_num_3 from  $LogTable$ where etc_num_3 is not null  )
      and etc_num_3 is null
    </select>
    

    <select id="BizSend" parameterClass="BizTalk">
      INSERT INTO em_mmt_tran (date_client_req, template_code, content, recipient_num, msg_status, subject, callback, sender_key, service_type, msg_type
      ,etc_num_1,etc_num_2,etc_num_3,etc_date_1)
      select GETDATE(),template_code,content,recipient_num,'1',' ',callback,sender_key,'3',1008
      ,isnull(etc_num_1,mt_pr)
      , (case etc_num_1 when null  then null when  etc_num_1 then isnull(etc_num_2,mt_pr) end )
      ,(case etc_num_2 when null  then null when  etc_num_2 then  isnull(etc_num_3,mt_pr) end )
      ,getdate() from $LogTable$
      where convert(varchar(10),reg_date,120) =  convert(varchar(10),getdate(),120)
      and mt_report_code_ib = '3025'
      and mt_pr not in (select etc_num_1 from  $LogTable$ where etc_num_1 is not null  )
      and mt_pr not in (select etc_num_2 from  $LogTable$ where etc_num_2 is not null  )
      and mt_pr not in (select etc_num_3 from  $LogTable$ where etc_num_3 is not null  )
      and etc_num_3 is null
    </select>

    <select id="BizCencelList" parameterClass="BizTalk" resultClass="BizTalk">
      select mt_pr,callback,content,recipient_num from $LogTable$
      where convert(varchar(10),reg_date,120) =  convert(varchar(10),getdate(),120)
      and  mt_report_code_ib in ('3027','3028','3021','3022')
      and etc_text_1 is null
    </select>

    <update id="SmsSet"  parameterClass="BizTalk">
      update $LogTable$ set
      etc_text_1 = 'sms'
      where mt_pr =  #mt_pr#
    </update>
    
    

  </statements>
</sqlMap>