﻿<?xml version="1.0" encoding="utf-8" ?>
<sqlMap namespace="EF4._14" xmlns:xsi="http://www.w3.org/2001/XMLSchema-instance" xmlns="http://ibatis.apache.org/mapping">
  <alias>
    <typeAlias alias="SmSLog"  type="Daemon.Models.SmSLogModel" />
    <typeAlias alias="SmS"  type="Daemon.Models.SmSModel" />
  </alias>
  <statements>

    <!-- ***********************************************************[블랙리스트 검사]********************************************************************************* -->


    <select id="SmSBlackList" parameterClass="String" resultClass="int">
      select count(SEQ) from SmSBlackList where NUM = #NUM#
    </select>

    <!-- ***********************************************************[문자 로그 및 인증정보 입력]********************************************************************************* -->

    <insert id="SmSLogInser" parameterClass="SmSLog">
      insert into SmSLog (REDEVICE,CMSGID,MSGID,PHONE,TO_NAME,UNIXTIME,RESULT,RESULTM,USERDATA,WAPINFO,REPORT,REQPHONE,REQNAME,CONTENT)
      values(#REDEVICE#,#CMSGID#,#MSGID#,#PHONE#,#TO_NAME#,#UNIXTIME#,#RESULT#,#RESULTM#,#USERDATA#,#WAPINFO#,#REPORT#,#REQPHONE#,#REQNAME#,#CONTENT#)
    </insert>

    <insert id="SmsCertifyInsert" parameterClass="SmS">
      insert into SMSCERTIFY(PHONE,SMSKEY,SMSSTATE,REQDATE,VAILDATE)
      values(#destphone#,#SMSKEY#,#SMSSTATE#,#REQDATE#,#VAILDATE#)
    </insert>    
    
    

  </statements>
</sqlMap>